Title,Author,Genre,Price,Quantity
The Alchemist,Paulo Coelho,Fiction,299.0,25.0
Atomic Habits,James Clear,Self-Help,499.0,18.0
1984,George Orwell,Dystopian,350.0,30.0
The Great Gatsby,F. Scott Fitzgerald,Classic,280.0,22.0
Harry Potter,J.K. Rowling,Fantasy,599.0,15.0
Rich Dad Poor Dad,Robert Kiyosaki,Finance,,20.0
Ikigai,Hector Garcia,Self-Help,399.0,17.0
The Hobbit,J.R.R. Tolkien,Fantasy,550.0,12.0
Pride and Prejudice,Jane Austen,Classic,320.0,24.0
Deep Work,Cal Newport,Productivity,480.0,
The Psychology of Money,Morgan Housel,Finance,520.0,14.0
Wings of Fire,A.P.J. Abdul Kalam,Biography,350.0,28.0
Sapiens,Yuval Noah Harari,History,650.0,10.0
Think Like a Monk,Jay Shetty,Self-Help,450.0,19.0
The Power of Now,,Spirituality,425.0,13.0
The Kite Runner,Khaled Hosseini,Fiction,399.0,21.0
Verity,Colleen Hoover,Thriller,499.0,11.0
The Book Thief,Markus Zusak,Historical Fiction,450.0,15.0
Richest Man in Babylon,George S. Clason,Finance,300.0,23.0
A Brief History of Time,Stephen Hawking,Science,599.0,9.0
The Fault in Our Stars,John Green,,350.0,20.0
Educated,Tara Westover,Memoir,550.0,8.0
The Midnight Library,Matt Haig,Fiction,480.0,16.0
Dune,Frank Herbert,Science Fiction,620.0,7.0
The Subtle Art of Not Giving a F*ck,Mark Manson,Self-Help,499.0,18.0
Animal Farm,George Orwell,Classic,250.0,26.0
The Silent Patient,Alex Michaelides,Thriller,450.0,12.0
Becoming,Michelle Obama,Biography,699.0,
Norwegian Wood,Haruki Murakami,Romance,520.0,14.0
The Lean Startup,Eric Ries,Business,575.0,10.0
