Date,Title,Quantity Sold,Total Revenue
2026-08-01,The Alchemist,4.0,1196.0
2026-08-02,Atomic Habits,3.0,1497.0
2026-08-03,1984,5.0,1750.0
2026-08-04,The Great Gatsby,,560.0
2026-08-05,Harry Potter,3.0,1797.0
2026-09-06,Rich Dad Poor Dad,4.0,1800.0
2026-08-07,Ikigai,2.0,798.0
2026-07-08,The Hobbit,1.0,
2026-08-09,Pride and Prejudice,3.0,960.0
2026-04-10,Deep Work,2.0,960.0
2026-06-11,The Psychology of Money,3.0,1560.0
2026-08-12,Wings of Fire,5.0,1750.0
2026-09-13,,2.0,1300.0
2026-08-14,Think Like a Monk,3.0,1350.0
2026-09-15,The Power of Now,2.0,850.0
2026-08-16,The Kite Runner,4.0,1596.0
2026-08-17,Verity,2.0,998.0
2026-09-18,The Book Thief,3.0,1350.0
2026-08-19,Richest Man in Babylon,4.0,
2026-08-20,A Brief History of Time,1.0,599.0
2026-09-21,The Fault in Our Stars,3.0,1050.0
2026-08-22,Educated,2.0,1100.0
2026-05-23,The Midnight Library,4.0,1920.0
2026-08-24,Dune,2.0,1240.0
2026-06-25,The Subtle Art of Not Giving a F*ck,,1497.0
2026-08-26,Animal Farm,5.0,1250.0
2026-07-27,The Silent Patient,2.0,900.0
2026-08-28,Becoming,1.0,699.0
2026-04-29,Norwegian Wood,3.0,
2026-08-30,The Lean Startup,2.0,1150.0
